Title,Description,Link,Media URL,Pinterest board,Publish date
Grade 5 Addition Practice Worksheet (13 Problems) | Printable Practice,Help kids master Addition with this printable worksheet for Grade 5. Great for daily math practice.,https://mathworksheetkidscoloringplanet.github.io/html/grade-5-addition-practice-worksheet-13-problems-2725.html,https://mathworksheetkidscoloringplanet.github.io/images/grade-5-addition-practice-worksheet-13-problems-2725.jpg,Printable Worksheets,03/17/2026 08:24:00 AM
3 Free Count and Color Worksheets for Grade 1,Help kids master Count and Color with this printable worksheet for Grade 1. Great for daily math practice.,https://mathworksheetkidscoloringplanet.github.io/html/3-free-count-and-color-worksheets-for-grade-1-5079.html,https://mathworksheetkidscoloringplanet.github.io/images/3-free-count-and-color-worksheets-for-grade-1-5079.jpg,Math Practice Printables,03/17/2026 11:00:00 AM
Kindergarten Count The Objects Worksheet - Part 3 | Printable Practice,Help kids master Counting Objects with this printable worksheet for Kindergarten. Great for daily math practice.,https://mathworksheetkidscoloringplanet.github.io/html/kindergarten-count-the-objects-worksheet-part-3-1869.html,https://mathworksheetkidscoloringplanet.github.io/images/kindergarten-count-the-objects-worksheet-part-3-1869.jpg,Printable Worksheets,03/17/2026 01:29:00 PM
Free 25 Division Math Worksheet For Grade 2 With Answers - Part 4 | Printable Practice,Fun and engaging Division worksheet for Grade 2. Perfect printable math practice.,https://mathworksheetkidscoloringplanet.github.io/html/free-25-division-math-worksheet-for-grade-2-with-answers-part-4-8168.html,https://mathworksheetkidscoloringplanet.github.io/images/free-25-division-math-worksheet-for-grade-2-with-answers-part-4-8168.jpg,Homeschool Math,03/17/2026 04:27:00 PM
8 Mathematics Problem Set Practice Worksheet,Free printable Math worksheet for Math. Perfect for homeschool practice and classroom activities.,https://mathworksheetkidscoloringplanet.github.io/html/8-mathematics-problem-set-practice-worksheet-6321.html,https://mathworksheetkidscoloringplanet.github.io/images/8-mathematics-problem-set-practice-worksheet-6321.jpg,Homeschool Math,03/17/2026 08:33:00 PM
Missing Number Math Worksheet,Fun and engaging Missing Number worksheet for Grade 1. Perfect printable math practice.,https://mathworksheetkidscoloringplanet.github.io/html/missing-number-math-worksheet-3887.html,https://mathworksheetkidscoloringplanet.github.io/images/missing-number-math-worksheet-3887.jpg,Elementary Math Activities,03/18/2026 08:28:00 AM
Mixed Operations Math Worksheet,Teachers and parents love this Mixed Operations worksheet for Grade 3. Download and print instantly.,https://mathworksheetkidscoloringplanet.github.io/html/mixed-operations-math-worksheet-4930.html,https://mathworksheetkidscoloringplanet.github.io/images/mixed-operations-math-worksheet-4930.jpg,Homeschool Math,03/18/2026 11:03:00 AM
Free 21 Multiplication Math Worksheet For Grade 2 - Part 8 | Printable Practice,Free printable Multiplication worksheet for Grade 2. Perfect for homeschool practice and classroom activities.,https://mathworksheetkidscoloringplanet.github.io/html/free-21-multiplication-math-worksheet-for-grade-2-part-8-4501.html,https://mathworksheetkidscoloringplanet.github.io/images/free-21-multiplication-math-worksheet-for-grade-2-part-8-4501.jpg,Elementary Math Activities,03/18/2026 01:24:00 PM
Printable Free 22 Subtraction Math Worksheet For Grade 2 - Part 9 | Printable Practice,Printable Subtraction worksheet designed for Grade 2 students. Easy and fun math practice.,https://mathworksheetkidscoloringplanet.github.io/html/printable-free-22-subtraction-math-worksheet-for-grade-2-part-9-4091.html,https://mathworksheetkidscoloringplanet.github.io/images/printable-free-22-subtraction-math-worksheet-for-grade-2-part-9-4091.jpg,Kids Math Worksheets,03/18/2026 04:37:00 PM
12 Times Table Worksheet For Grade 4 With Answers - Part 10 | Printable Practice,Free printable Times Table worksheet for Grade 4. Perfect for homeschool practice and classroom activities.,https://mathworksheetkidscoloringplanet.github.io/html/12-times-table-worksheet-for-grade-4-with-answers-part-10-6457.html,https://mathworksheetkidscoloringplanet.github.io/images/12-times-table-worksheet-for-grade-4-with-answers-part-10-6457.jpg,Printable Worksheets,03/18/2026 08:35:00 PM
Printable Tracing Worksheet For Kids - Part 11 | Free Printable,Teachers and parents love this Tracing worksheet for Kindergarten. Download and print instantly.,https://mathworksheetkidscoloringplanet.github.io/html/printable-tracing-worksheet-for-kids-part-11-9957.html,https://mathworksheetkidscoloringplanet.github.io/images/printable-tracing-worksheet-for-kids-part-11-9957.jpg,Homeschool Math,03/19/2026 08:22:00 AM
Math Word Problem Worksheet,Printable Word Problem worksheet designed for Grade 3 students. Easy and fun math practice.,https://mathworksheetkidscoloringplanet.github.io/html/math-word-problem-worksheet-2683.html,https://mathworksheetkidscoloringplanet.github.io/images/math-word-problem-worksheet-2683.jpg,Kids Math Worksheets,03/19/2026 11:00:00 AM
Grade 5 Addition Practice Worksheet (10 Problems) - Part 13 | Printable Practice,Free printable Addition worksheet for Grade 5. Perfect for homeschool practice and classroom activities.,https://mathworksheetkidscoloringplanet.github.io/html/grade-5-addition-practice-worksheet-10-problems-part-13-5211.html,https://mathworksheetkidscoloringplanet.github.io/images/grade-5-addition-practice-worksheet-10-problems-part-13-5211.jpg,Elementary Math Activities,03/19/2026 01:28:00 PM
Kindergarten Count and Color Shapes Worksheet,Free printable Count and Color worksheet for Kindergarten. Perfect for homeschool practice and classroom activities.,https://mathworksheetkidscoloringplanet.github.io/html/kindergarten-count-and-color-shapes-worksheet-3519.html,https://mathworksheetkidscoloringplanet.github.io/images/kindergarten-count-and-color-shapes-worksheet-3519.jpg,Elementary Math Activities,03/19/2026 04:33:00 PM
Free Counting Objects Worksheet For Kindergarten - Part 15 | Printable Practice,Help kids master Counting Objects with this printable worksheet for Kindergarten. Great for daily math practice.,https://mathworksheetkidscoloringplanet.github.io/html/free-counting-objects-worksheet-for-kindergarten-part-15-7934.html,https://mathworksheetkidscoloringplanet.github.io/images/free-counting-objects-worksheet-for-kindergarten-part-15-7934.jpg,Kids Math Worksheets,03/19/2026 08:30:00 PM
Grade 2 Division Practice Worksheet (23 Problems) - Part 16 | Printable Practice,Fun and engaging Division worksheet for Grade 2. Perfect printable math practice.,https://mathworksheetkidscoloringplanet.github.io/html/grade-2-division-practice-worksheet-23-problems-part-16-6189.html,https://mathworksheetkidscoloringplanet.github.io/images/grade-2-division-practice-worksheet-23-problems-part-16-6189.jpg,Homeschool Math,03/20/2026 08:32:00 AM
Complete Mathematics Practice for Students (4 Questions),Teachers and parents love this Math worksheet for Math. Download and print instantly.,https://mathworksheetkidscoloringplanet.github.io/html/complete-mathematics-practice-for-students-4-questions-6525.html,https://mathworksheetkidscoloringplanet.github.io/images/complete-mathematics-practice-for-students-4-questions-6525.jpg,Homeschool Math,03/20/2026 11:00:00 AM
Missing Number Math Worksheet,Teachers and parents love this Missing Number worksheet for Grade 1. Download and print instantly.,https://mathworksheetkidscoloringplanet.github.io/html/missing-number-math-worksheet-1692.html,https://mathworksheetkidscoloringplanet.github.io/images/missing-number-math-worksheet-1692.jpg,Printable Worksheets,03/20/2026 01:29:00 PM
Mixed Operations Math Worksheet,Printable Mixed Operations worksheet designed for Grade 3 students. Easy and fun math practice.,https://mathworksheetkidscoloringplanet.github.io/html/mixed-operations-math-worksheet-6808.html,https://mathworksheetkidscoloringplanet.github.io/images/mixed-operations-math-worksheet-6808.jpg,Math Practice Printables,03/20/2026 04:27:00 PM
Grade 2 Multiplication Practice Worksheet (15 Problems) - Part 20 | Printable Practice,Help kids master Multiplication with this printable worksheet for Grade 2. Great for daily math practice.,https://mathworksheetkidscoloringplanet.github.io/html/grade-2-multiplication-practice-worksheet-15-problems-part-20-2357.html,https://mathworksheetkidscoloringplanet.github.io/images/grade-2-multiplication-practice-worksheet-15-problems-part-20-2357.jpg,Kids Math Worksheets,03/20/2026 08:32:00 PM
Printable Free 17 Subtraction Math Worksheet For Grade 5 - Part 21 | Printable Practice,Help kids master Subtraction with this printable worksheet for Grade 5. Great for daily math practice.,https://mathworksheetkidscoloringplanet.github.io/html/printable-free-17-subtraction-math-worksheet-for-grade-5-part-21-2457.html,https://mathworksheetkidscoloringplanet.github.io/images/printable-free-17-subtraction-math-worksheet-for-grade-5-part-21-2457.jpg,Math Practice Printables,03/21/2026 08:30:00 AM
Printable 9 Times Table Worksheet For Grade 3 - Part 22 | Printable Practice,Teachers and parents love this Times Table worksheet for Grade 3. Download and print instantly.,https://mathworksheetkidscoloringplanet.github.io/html/printable-9-times-table-worksheet-for-grade-3-part-22-2328.html,https://mathworksheetkidscoloringplanet.github.io/images/printable-9-times-table-worksheet-for-grade-3-part-22-2328.jpg,Math Practice Printables,03/21/2026 11:00:00 AM
Printable Tracing Worksheet For Kids - Part 23 | Free Printable,Fun and engaging Tracing worksheet for Preschool. Perfect printable math practice.,https://mathworksheetkidscoloringplanet.github.io/html/printable-tracing-worksheet-for-kids-part-23-5863.html,https://mathworksheetkidscoloringplanet.github.io/images/printable-tracing-worksheet-for-kids-part-23-5863.jpg,Math Practice Printables,03/21/2026 01:37:00 PM
Math Word Problem Worksheet,Help kids master Word Problem with this printable worksheet for Grade 3. Great for daily math practice.,https://mathworksheetkidscoloringplanet.github.io/html/math-word-problem-worksheet-8810.html,https://mathworksheetkidscoloringplanet.github.io/images/math-word-problem-worksheet-8810.jpg,Kids Math Worksheets,03/21/2026 04:33:00 PM
Grade 5 Addition Practice Worksheet (17 Problems) - Part 25 | Printable Practice,Printable Addition worksheet designed for Grade 5 students. Easy and fun math practice.,https://mathworksheetkidscoloringplanet.github.io/html/grade-5-addition-practice-worksheet-17-problems-part-25-3977.html,https://mathworksheetkidscoloringplanet.github.io/images/grade-5-addition-practice-worksheet-17-problems-part-25-3977.jpg,Homeschool Math,03/21/2026 08:28:00 PM
Kindergarten Count and Color Shapes Worksheet,Help kids master Count and Color with this printable worksheet for Kindergarten. Great for daily math practice.,https://mathworksheetkidscoloringplanet.github.io/html/kindergarten-count-and-color-shapes-worksheet-8534.html,https://mathworksheetkidscoloringplanet.github.io/images/kindergarten-count-and-color-shapes-worksheet-8534.jpg,Printable Worksheets,03/22/2026 08:25:00 AM
Kindergarten Count The Objects Worksheet - Part 27 | Printable Practice,Fun and engaging Counting Objects worksheet for Kindergarten. Perfect printable math practice.,https://mathworksheetkidscoloringplanet.github.io/html/kindergarten-count-the-objects-worksheet-part-27-6593.html,https://mathworksheetkidscoloringplanet.github.io/images/kindergarten-count-the-objects-worksheet-part-27-6593.jpg,Kids Math Worksheets,03/22/2026 11:02:00 AM
Free 22 Division Math Worksheet For Grade 2 With Answers - Part 28 | Printable Practice,Fun and engaging Division worksheet for Grade 2. Perfect printable math practice.,https://mathworksheetkidscoloringplanet.github.io/html/free-22-division-math-worksheet-for-grade-2-with-answers-part-28-9864.html,https://mathworksheetkidscoloringplanet.github.io/images/free-22-division-math-worksheet-for-grade-2-with-answers-part-28-9864.jpg,Math Practice Printables,03/22/2026 01:23:00 PM
Free Printable Math Questions Practice Worksheet,Help kids master Math with this printable worksheet for Math. Great for daily math practice.,https://mathworksheetkidscoloringplanet.github.io/html/free-printable-math-questions-practice-worksheet-8115.html,https://mathworksheetkidscoloringplanet.github.io/images/free-printable-math-questions-practice-worksheet-8115.jpg,Kids Math Worksheets,03/22/2026 04:25:00 PM
Missing Number Math Worksheet,Fun and engaging Missing Number worksheet for Grade 1. Perfect printable math practice.,https://mathworksheetkidscoloringplanet.github.io/html/missing-number-math-worksheet-5646.html,https://mathworksheetkidscoloringplanet.github.io/images/missing-number-math-worksheet-5646.jpg,Elementary Math Activities,03/22/2026 08:24:00 PM
Mixed Operations Math Worksheet,Teachers and parents love this Mixed Operations worksheet for Grade 3. Download and print instantly.,https://mathworksheetkidscoloringplanet.github.io/html/mixed-operations-math-worksheet-5131.html,https://mathworksheetkidscoloringplanet.github.io/images/mixed-operations-math-worksheet-5131.jpg,Math Practice Printables,03/23/2026 08:30:00 AM
Free 29 Multiplication Math Worksheet For Grade 2 With Answers - Part 32 | Printable Practice,Help kids master Multiplication with this printable worksheet for Grade 2. Great for daily math practice.,https://mathworksheetkidscoloringplanet.github.io/html/free-29-multiplication-math-worksheet-for-grade-2-with-answers-part-32-3609.html,https://mathworksheetkidscoloringplanet.github.io/images/free-29-multiplication-math-worksheet-for-grade-2-with-answers-part-32-3609.jpg,Printable Worksheets,03/23/2026 11:01:00 AM
Printable Free 14 Subtraction Math Worksheet For Grade 2 - Part 33 | Printable Practice,Help kids master Subtraction with this printable worksheet for Grade 2. Great for daily math practice.,https://mathworksheetkidscoloringplanet.github.io/html/printable-free-14-subtraction-math-worksheet-for-grade-2-part-33-4249.html,https://mathworksheetkidscoloringplanet.github.io/images/printable-free-14-subtraction-math-worksheet-for-grade-2-part-33-4249.jpg,Math Practice Printables,03/23/2026 01:24:00 PM
6 Times Table Worksheet For Grade 3 - Part 34 | Printable Practice,Teachers and parents love this Times Table worksheet for Grade 3. Download and print instantly.,https://mathworksheetkidscoloringplanet.github.io/html/6-times-table-worksheet-for-grade-3-part-34-2239.html,https://mathworksheetkidscoloringplanet.github.io/images/6-times-table-worksheet-for-grade-3-part-34-2239.jpg,Kids Math Worksheets,03/23/2026 04:31:00 PM
Printable Tracing Worksheet For Kids - Part 35 | Free Printable,Printable Tracing worksheet designed for Preschool students. Easy and fun math practice.,https://mathworksheetkidscoloringplanet.github.io/html/printable-tracing-worksheet-for-kids-part-35-3417.html,https://mathworksheetkidscoloringplanet.github.io/images/printable-tracing-worksheet-for-kids-part-35-3417.jpg,Math Practice Printables,03/23/2026 08:37:00 PM
Math Word Problem Worksheet,Free printable Word Problem worksheet for Grade 3. Perfect for homeschool practice and classroom activities.,https://mathworksheetkidscoloringplanet.github.io/html/math-word-problem-worksheet-3796.html,https://mathworksheetkidscoloringplanet.github.io/images/math-word-problem-worksheet-3796.jpg,Printable Worksheets,03/24/2026 08:31:00 AM
Grade 1 Addition Practice Worksheet (17 Problems) - Part 37 | Printable Practice,Teachers and parents love this Addition worksheet for Grade 1. Download and print instantly.,https://mathworksheetkidscoloringplanet.github.io/html/grade-1-addition-practice-worksheet-17-problems-part-37-3340.html,https://mathworksheetkidscoloringplanet.github.io/images/grade-1-addition-practice-worksheet-17-problems-part-37-3340.jpg,Printable Worksheets,03/24/2026 11:06:00 AM
Free Preschool Count and Color Worksheet,Free printable Count and Color worksheet for Preschool. Perfect for homeschool practice and classroom activities.,https://mathworksheetkidscoloringplanet.github.io/html/free-preschool-count-and-color-worksheet-1720.html,https://mathworksheetkidscoloringplanet.github.io/images/free-preschool-count-and-color-worksheet-1720.jpg,Printable Worksheets,03/24/2026 01:33:00 PM
Kindergarten Count The Objects Worksheet - Part 39 | Printable Practice,Free printable Counting Objects worksheet for Kindergarten. Perfect for homeschool practice and classroom activities.,https://mathworksheetkidscoloringplanet.github.io/html/kindergarten-count-the-objects-worksheet-part-39-3161.html,https://mathworksheetkidscoloringplanet.github.io/images/kindergarten-count-the-objects-worksheet-part-39-3161.jpg,Kids Math Worksheets,03/24/2026 04:37:00 PM
Free 20 Division Math Worksheet For Grade 2 With Answers - Part 40 | Printable Practice,Fun and engaging Division worksheet for Grade 2. Perfect printable math practice.,https://mathworksheetkidscoloringplanet.github.io/html/free-20-division-math-worksheet-for-grade-2-with-answers-part-40-6865.html,https://mathworksheetkidscoloringplanet.github.io/images/free-20-division-math-worksheet-for-grade-2-with-answers-part-40-6865.jpg,Elementary Math Activities,03/24/2026 08:37:00 PM
7 Math Trivia Worksheet for Math Learners,Help kids master Math with this printable worksheet for Math. Great for daily math practice.,https://mathworksheetkidscoloringplanet.github.io/html/7-math-trivia-worksheet-for-math-learners-4113.html,https://mathworksheetkidscoloringplanet.github.io/images/7-math-trivia-worksheet-for-math-learners-4113.jpg,Printable Worksheets,03/25/2026 08:30:00 AM
Missing Number Math Worksheet,Free printable Missing Number worksheet for Grade 1. Perfect for homeschool practice and classroom activities.,https://mathworksheetkidscoloringplanet.github.io/html/missing-number-math-worksheet-1187.html,https://mathworksheetkidscoloringplanet.github.io/images/missing-number-math-worksheet-1187.jpg,Kids Math Worksheets,03/25/2026 11:00:00 AM
Mixed Operations Math Worksheet,Free printable Mixed Operations worksheet for Grade 3. Perfect for homeschool practice and classroom activities.,https://mathworksheetkidscoloringplanet.github.io/html/mixed-operations-math-worksheet-3105.html,https://mathworksheetkidscoloringplanet.github.io/images/mixed-operations-math-worksheet-3105.jpg,Math Practice Printables,03/25/2026 01:36:00 PM
Printable Free 29 Multiplication Math Worksheet For Grade 2 - Part 44 | Printable Practice,Help kids master Multiplication with this printable worksheet for Grade 2. Great for daily math practice.,https://mathworksheetkidscoloringplanet.github.io/html/printable-free-29-multiplication-math-worksheet-for-grade-2-part-44-4773.html,https://mathworksheetkidscoloringplanet.github.io/images/printable-free-29-multiplication-math-worksheet-for-grade-2-part-44-4773.jpg,Printable Worksheets,03/25/2026 04:33:00 PM
Free 17 Subtraction Math Worksheet For Grade 2 - Part 45 | Printable Practice,Fun and engaging Subtraction worksheet for Grade 2. Perfect printable math practice.,https://mathworksheetkidscoloringplanet.github.io/html/free-17-subtraction-math-worksheet-for-grade-2-part-45-2464.html,https://mathworksheetkidscoloringplanet.github.io/images/free-17-subtraction-math-worksheet-for-grade-2-part-45-2464.jpg,Printable Worksheets,03/25/2026 08:38:00 PM
9 Times Table Worksheet For Grade 3 With Answers - Part 46 | Printable Practice,Free printable Times Table worksheet for Grade 3. Perfect for homeschool practice and classroom activities.,https://mathworksheetkidscoloringplanet.github.io/html/9-times-table-worksheet-for-grade-3-with-answers-part-46-8552.html,https://mathworksheetkidscoloringplanet.github.io/images/9-times-table-worksheet-for-grade-3-with-answers-part-46-8552.jpg,Homeschool Math,03/26/2026 08:36:00 AM
Printable Tracing Worksheet For Kids - Part 47 | Free Printable,Help kids master Tracing with this printable worksheet for Preschool. Great for daily math practice.,https://mathworksheetkidscoloringplanet.github.io/html/printable-tracing-worksheet-for-kids-part-47-8136.html,https://mathworksheetkidscoloringplanet.github.io/images/printable-tracing-worksheet-for-kids-part-47-8136.jpg,Homeschool Math,03/26/2026 11:03:00 AM
Math Word Problem Worksheet,Teachers and parents love this Word Problem worksheet for Grade 3. Download and print instantly.,https://mathworksheetkidscoloringplanet.github.io/html/math-word-problem-worksheet-4408.html,https://mathworksheetkidscoloringplanet.github.io/images/math-word-problem-worksheet-4408.jpg,Kids Math Worksheets,03/26/2026 01:25:00 PM
Printable Free 12 Addition Math Worksheet For Grade 3 - Part 49 | Printable Practice,Printable Addition worksheet designed for Grade 3 students. Easy and fun math practice.,https://mathworksheetkidscoloringplanet.github.io/html/printable-free-12-addition-math-worksheet-for-grade-3-part-49-9696.html,https://mathworksheetkidscoloringplanet.github.io/images/printable-free-12-addition-math-worksheet-for-grade-3-part-49-9696.jpg,Math Practice Printables,03/26/2026 04:23:00 PM
3 Free Count and Color Worksheets for Grade 1,Printable Count and Color worksheet designed for Grade 1 students. Easy and fun math practice.,https://mathworksheetkidscoloringplanet.github.io/html/3-free-count-and-color-worksheets-for-grade-1-5330.html,https://mathworksheetkidscoloringplanet.github.io/images/3-free-count-and-color-worksheets-for-grade-1-5330.jpg,Kids Math Worksheets,03/26/2026 08:30:00 PM
Free Counting Objects Worksheet For Kindergarten - Part 51 | Printable Practice,Free printable Counting Objects worksheet for Kindergarten. Perfect for homeschool practice and classroom activities.,https://mathworksheetkidscoloringplanet.github.io/html/free-counting-objects-worksheet-for-kindergarten-part-51-8502.html,https://mathworksheetkidscoloringplanet.github.io/images/free-counting-objects-worksheet-for-kindergarten-part-51-8502.jpg,Kids Math Worksheets,03/27/2026 08:37:00 AM
Grade 2 Division Practice Worksheet (16 Problems) - Part 52 | Printable Practice,Fun and engaging Division worksheet for Grade 2. Perfect printable math practice.,https://mathworksheetkidscoloringplanet.github.io/html/grade-2-division-practice-worksheet-16-problems-part-52-9241.html,https://mathworksheetkidscoloringplanet.github.io/images/grade-2-division-practice-worksheet-16-problems-part-52-9241.jpg,Printable Worksheets,03/27/2026 11:04:00 AM
4 Math Quiz for Teens,Help kids master Math with this printable worksheet for Math. Great for daily math practice.,https://mathworksheetkidscoloringplanet.github.io/html/4-math-quiz-for-teens-2019.html,https://mathworksheetkidscoloringplanet.github.io/images/4-math-quiz-for-teens-2019.jpg,Kids Math Worksheets,03/27/2026 01:22:00 PM
Missing Number Math Worksheet,Help kids master Missing Number with this printable worksheet for Grade 1. Great for daily math practice.,https://mathworksheetkidscoloringplanet.github.io/html/missing-number-math-worksheet-4495.html,https://mathworksheetkidscoloringplanet.github.io/images/missing-number-math-worksheet-4495.jpg,Kids Math Worksheets,03/27/2026 04:29:00 PM
Mixed Operations Math Worksheet,Help kids master Mixed Operations with this printable worksheet for Grade 3. Great for daily math practice.,https://mathworksheetkidscoloringplanet.github.io/html/mixed-operations-math-worksheet-9676.html,https://mathworksheetkidscoloringplanet.github.io/images/mixed-operations-math-worksheet-9676.jpg,Elementary Math Activities,03/27/2026 08:31:00 PM
Free 26 Multiplication Math Worksheet For Grade 2 With Answers - Part 56 | Printable Practice,Free printable Multiplication worksheet for Grade 2. Perfect for homeschool practice and classroom activities.,https://mathworksheetkidscoloringplanet.github.io/html/free-26-multiplication-math-worksheet-for-grade-2-with-answers-part-56-9125.html,https://mathworksheetkidscoloringplanet.github.io/images/free-26-multiplication-math-worksheet-for-grade-2-with-answers-part-56-9125.jpg,Printable Worksheets,03/28/2026 08:32:00 AM
Free 13 Subtraction Math Worksheet For Grade 2 With Answers - Part 57 | Printable Practice,Printable Subtraction worksheet designed for Grade 2 students. Easy and fun math practice.,https://mathworksheetkidscoloringplanet.github.io/html/free-13-subtraction-math-worksheet-for-grade-2-with-answers-part-57-5269.html,https://mathworksheetkidscoloringplanet.github.io/images/free-13-subtraction-math-worksheet-for-grade-2-with-answers-part-57-5269.jpg,Homeschool Math,03/28/2026 11:00:00 AM
Grade 3 Multiplication Table 6 Practice - Part 58 | Printable Practice,Fun and engaging Times Table worksheet for Grade 3. Perfect printable math practice.,https://mathworksheetkidscoloringplanet.github.io/html/grade-3-multiplication-table-6-practice-part-58-6215.html,https://mathworksheetkidscoloringplanet.github.io/images/grade-3-multiplication-table-6-practice-part-58-6215.jpg,Elementary Math Activities,03/28/2026 01:25:00 PM
Printable Tracing Worksheet For Kids - Part 59 | Free Printable,Fun and engaging Tracing worksheet for Kindergarten. Perfect printable math practice.,https://mathworksheetkidscoloringplanet.github.io/html/printable-tracing-worksheet-for-kids-part-59-1492.html,https://mathworksheetkidscoloringplanet.github.io/images/printable-tracing-worksheet-for-kids-part-59-1492.jpg,Math Practice Printables,03/28/2026 04:27:00 PM
Math Word Problem Worksheet,Teachers and parents love this Word Problem worksheet for Grade 3. Download and print instantly.,https://mathworksheetkidscoloringplanet.github.io/html/math-word-problem-worksheet-9267.html,https://mathworksheetkidscoloringplanet.github.io/images/math-word-problem-worksheet-9267.jpg,Printable Worksheets,03/28/2026 08:37:00 PM
Free 28 Addition Math Worksheet For Grade 1 - Part 61 | Printable Practice,Help kids master Addition with this printable worksheet for Grade 1. Great for daily math practice.,https://mathworksheetkidscoloringplanet.github.io/html/free-28-addition-math-worksheet-for-grade-1-part-61-8535.html,https://mathworksheetkidscoloringplanet.github.io/images/free-28-addition-math-worksheet-for-grade-1-part-61-8535.jpg,Elementary Math Activities,03/29/2026 08:38:00 AM
"Count and Color Ball, Apple, Star Worksheet for Kids",Printable Count and Color worksheet designed for Preschool students. Easy and fun math practice.,https://mathworksheetkidscoloringplanet.github.io/html/count-and-color-ball-apple-star-worksheet-for-kids-4067.html,https://mathworksheetkidscoloringplanet.github.io/images/count-and-color-ball-apple-star-worksheet-for-kids-4067.jpg,Elementary Math Activities,03/29/2026 11:02:00 AM
Kindergarten Count The Objects Worksheet - Part 63 | Printable Practice,Help kids master Counting Objects with this printable worksheet for Kindergarten. Great for daily math practice.,https://mathworksheetkidscoloringplanet.github.io/html/kindergarten-count-the-objects-worksheet-part-63-7770.html,https://mathworksheetkidscoloringplanet.github.io/images/kindergarten-count-the-objects-worksheet-part-63-7770.jpg,Math Practice Printables,03/29/2026 01:28:00 PM
Grade 2 Division Practice Worksheet (21 Problems) - Part 64 | Printable Practice,Printable Division worksheet designed for Grade 2 students. Easy and fun math practice.,https://mathworksheetkidscoloringplanet.github.io/html/grade-2-division-practice-worksheet-21-problems-part-64-5050.html,https://mathworksheetkidscoloringplanet.github.io/images/grade-2-division-practice-worksheet-21-problems-part-64-5050.jpg,Math Practice Printables,03/29/2026 04:24:00 PM
4 Mathematics Quiz Worksheet,Fun and engaging Math worksheet for Math. Perfect printable math practice.,https://mathworksheetkidscoloringplanet.github.io/html/4-mathematics-quiz-worksheet-5154.html,https://mathworksheetkidscoloringplanet.github.io/images/4-mathematics-quiz-worksheet-5154.jpg,Homeschool Math,03/29/2026 08:32:00 PM
Missing Number Math Worksheet,Free printable Missing Number worksheet for Grade 1. Perfect for homeschool practice and classroom activities.,https://mathworksheetkidscoloringplanet.github.io/html/missing-number-math-worksheet-9397.html,https://mathworksheetkidscoloringplanet.github.io/images/missing-number-math-worksheet-9397.jpg,Homeschool Math,03/30/2026 08:36:00 AM
Mixed Operations Math Worksheet,Teachers and parents love this Mixed Operations worksheet for Grade 3. Download and print instantly.,https://mathworksheetkidscoloringplanet.github.io/html/mixed-operations-math-worksheet-6761.html,https://mathworksheetkidscoloringplanet.github.io/images/mixed-operations-math-worksheet-6761.jpg,Homeschool Math,03/30/2026 11:08:00 AM
Free 11 Multiplication Math Worksheet For Grade 1 With Answers - Part 68 | Printable Practice,Free printable Multiplication worksheet for Grade 1. Perfect for homeschool practice and classroom activities.,https://mathworksheetkidscoloringplanet.github.io/html/free-11-multiplication-math-worksheet-for-grade-1-with-answers-part-68-9228.html,https://mathworksheetkidscoloringplanet.github.io/images/free-11-multiplication-math-worksheet-for-grade-1-with-answers-part-68-9228.jpg,Kids Math Worksheets,03/30/2026 01:27:00 PM
Grade 3 Subtraction Practice Worksheet (12 Problems) - Part 69 | Printable Practice,Help kids master Subtraction with this printable worksheet for Grade 3. Great for daily math practice.,https://mathworksheetkidscoloringplanet.github.io/html/grade-3-subtraction-practice-worksheet-12-problems-part-69-8875.html,https://mathworksheetkidscoloringplanet.github.io/images/grade-3-subtraction-practice-worksheet-12-problems-part-69-8875.jpg,Math Practice Printables,03/30/2026 04:35:00 PM
Grade 2 Multiplication Table 3 Practice - Part 70 | Printable Practice,Help kids master Times Table with this printable worksheet for Grade 2. Great for daily math practice.,https://mathworksheetkidscoloringplanet.github.io/html/grade-2-multiplication-table-3-practice-part-70-8115.html,https://mathworksheetkidscoloringplanet.github.io/images/grade-2-multiplication-table-3-practice-part-70-8115.jpg,Math Practice Printables,03/30/2026 08:30:00 PM
Printable Tracing Worksheet For Kids - Part 71 | Free Printable,Fun and engaging Tracing worksheet for Kindergarten. Perfect printable math practice.,https://mathworksheetkidscoloringplanet.github.io/html/printable-tracing-worksheet-for-kids-part-71-7582.html,https://mathworksheetkidscoloringplanet.github.io/images/printable-tracing-worksheet-for-kids-part-71-7582.jpg,Homeschool Math,03/31/2026 08:33:00 AM
Math Word Problem Worksheet,Printable Word Problem worksheet designed for Grade 3 students. Easy and fun math practice.,https://mathworksheetkidscoloringplanet.github.io/html/math-word-problem-worksheet-6548.html,https://mathworksheetkidscoloringplanet.github.io/images/math-word-problem-worksheet-6548.jpg,Math Practice Printables,03/31/2026 11:08:00 AM
Free 20 Addition Math Worksheet For Grade 1 - Part 73 | Printable Practice,Teachers and parents love this Addition worksheet for Grade 1. Download and print instantly.,https://mathworksheetkidscoloringplanet.github.io/html/free-20-addition-math-worksheet-for-grade-1-part-73-1148.html,https://mathworksheetkidscoloringplanet.github.io/images/free-20-addition-math-worksheet-for-grade-1-part-73-1148.jpg,Elementary Math Activities,03/31/2026 01:29:00 PM
Free Preschool Count and Color Worksheet,Printable Count and Color worksheet designed for Preschool students. Easy and fun math practice.,https://mathworksheetkidscoloringplanet.github.io/html/free-preschool-count-and-color-worksheet-5257.html,https://mathworksheetkidscoloringplanet.github.io/images/free-preschool-count-and-color-worksheet-5257.jpg,Kids Math Worksheets,03/31/2026 04:22:00 PM
Free Counting Objects Worksheet For Kindergarten Printable - Part 75 | Printable Practice,Fun and engaging Counting Objects worksheet for Kindergarten. Perfect printable math practice.,https://mathworksheetkidscoloringplanet.github.io/html/free-counting-objects-worksheet-for-kindergarten-printable-part-75-1384.html,https://mathworksheetkidscoloringplanet.github.io/images/free-counting-objects-worksheet-for-kindergarten-printable-part-75-1384.jpg,Kids Math Worksheets,03/31/2026 08:22:00 PM
Free 22 Division Math Worksheet For Grade 2 - Part 76 | Printable Practice,Free printable Division worksheet for Grade 2. Perfect for homeschool practice and classroom activities.,https://mathworksheetkidscoloringplanet.github.io/html/free-22-division-math-worksheet-for-grade-2-part-76-9058.html,https://mathworksheetkidscoloringplanet.github.io/images/free-22-division-math-worksheet-for-grade-2-part-76-9058.jpg,Printable Worksheets,04/01/2026 08:38:00 AM
Printable General Math Quiz Practice Worksheet,Teachers and parents love this Math worksheet for Math. Download and print instantly.,https://mathworksheetkidscoloringplanet.github.io/html/printable-general-math-quiz-practice-worksheet-1786.html,https://mathworksheetkidscoloringplanet.github.io/images/printable-general-math-quiz-practice-worksheet-1786.jpg,Printable Worksheets,04/01/2026 11:00:00 AM
Missing Number Math Worksheet,Help kids master Missing Number with this printable worksheet for Grade 1. Great for daily math practice.,https://mathworksheetkidscoloringplanet.github.io/html/missing-number-math-worksheet-8606.html,https://mathworksheetkidscoloringplanet.github.io/images/missing-number-math-worksheet-8606.jpg,Kids Math Worksheets,04/01/2026 01:26:00 PM
Mixed Operations Math Worksheet,Free printable Mixed Operations worksheet for Grade 3. Perfect for homeschool practice and classroom activities.,https://mathworksheetkidscoloringplanet.github.io/html/mixed-operations-math-worksheet-4810.html,https://mathworksheetkidscoloringplanet.github.io/images/mixed-operations-math-worksheet-4810.jpg,Math Practice Printables,04/01/2026 04:29:00 PM
Free 21 Multiplication Math Worksheet For Grade 2 With Answers - Part 80 | Printable Practice,Help kids master Multiplication with this printable worksheet for Grade 2. Great for daily math practice.,https://mathworksheetkidscoloringplanet.github.io/html/free-21-multiplication-math-worksheet-for-grade-2-with-answers-part-80-4334.html,https://mathworksheetkidscoloringplanet.github.io/images/free-21-multiplication-math-worksheet-for-grade-2-with-answers-part-80-4334.jpg,Math Practice Printables,04/01/2026 08:23:00 PM
Printable Free 10 Subtraction Math Worksheet For Grade 3 - Part 81 | Printable Practice,Teachers and parents love this Subtraction worksheet for Grade 3. Download and print instantly.,https://mathworksheetkidscoloringplanet.github.io/html/printable-free-10-subtraction-math-worksheet-for-grade-3-part-81-2166.html,https://mathworksheetkidscoloringplanet.github.io/images/printable-free-10-subtraction-math-worksheet-for-grade-3-part-81-2166.jpg,Homeschool Math,04/02/2026 08:35:00 AM
Printable 6 Times Table Worksheet For Grade 3 - Part 82 | Printable Practice,Fun and engaging Times Table worksheet for Grade 3. Perfect printable math practice.,https://mathworksheetkidscoloringplanet.github.io/html/printable-6-times-table-worksheet-for-grade-3-part-82-7019.html,https://mathworksheetkidscoloringplanet.github.io/images/printable-6-times-table-worksheet-for-grade-3-part-82-7019.jpg,Homeschool Math,04/02/2026 11:00:00 AM
Printable Tracing Worksheet For Kids - Part 83 | Free Printable,Fun and engaging Tracing worksheet for Kindergarten. Perfect printable math practice.,https://mathworksheetkidscoloringplanet.github.io/html/printable-tracing-worksheet-for-kids-part-83-2145.html,https://mathworksheetkidscoloringplanet.github.io/images/printable-tracing-worksheet-for-kids-part-83-2145.jpg,Elementary Math Activities,04/02/2026 01:35:00 PM
Math Word Problem Worksheet,Free printable Word Problem worksheet for Grade 3. Perfect for homeschool practice and classroom activities.,https://mathworksheetkidscoloringplanet.github.io/html/math-word-problem-worksheet-1870.html,https://mathworksheetkidscoloringplanet.github.io/images/math-word-problem-worksheet-1870.jpg,Printable Worksheets,04/02/2026 04:29:00 PM
Printable Free 15 Addition Math Worksheet For Grade 5 - Part 85 | Printable Practice,Fun and engaging Addition worksheet for Grade 5. Perfect printable math practice.,https://mathworksheetkidscoloringplanet.github.io/html/printable-free-15-addition-math-worksheet-for-grade-5-part-85-3127.html,https://mathworksheetkidscoloringplanet.github.io/images/printable-free-15-addition-math-worksheet-for-grade-5-part-85-3127.jpg,Homeschool Math,04/02/2026 08:22:00 PM
"Count and Color Triangle, Circle, Triangle Worksheet for Kids",Help kids master Count and Color with this printable worksheet for Kindergarten. Great for daily math practice.,https://mathworksheetkidscoloringplanet.github.io/html/count-and-color-triangle-circle-triangle-worksheet-for-kids-4279.html,https://mathworksheetkidscoloringplanet.github.io/images/count-and-color-triangle-circle-triangle-worksheet-for-kids-4279.jpg,Homeschool Math,04/03/2026 08:31:00 AM
Learn Counting With Pictures Worksheet (Pre-K) - Part 87 | Printable Practice,Teachers and parents love this Counting Objects worksheet for Pre-K. Download and print instantly.,https://mathworksheetkidscoloringplanet.github.io/html/learn-counting-with-pictures-worksheet-pre-k-part-87-5696.html,https://mathworksheetkidscoloringplanet.github.io/images/learn-counting-with-pictures-worksheet-pre-k-part-87-5696.jpg,Elementary Math Activities,04/03/2026 11:00:00 AM
Free 21 Division Math Worksheet For Grade 2 With Answers - Part 88 | Printable Practice,Fun and engaging Division worksheet for Grade 2. Perfect printable math practice.,https://mathworksheetkidscoloringplanet.github.io/html/free-21-division-math-worksheet-for-grade-2-with-answers-part-88-4966.html,https://mathworksheetkidscoloringplanet.github.io/images/free-21-division-math-worksheet-for-grade-2-with-answers-part-88-4966.jpg,Printable Worksheets,04/03/2026 01:30:00 PM
4 Mathematics Practice Quiz Worksheet for High School Students,Printable Math worksheet designed for Math students. Easy and fun math practice.,https://mathworksheetkidscoloringplanet.github.io/html/4-mathematics-practice-quiz-worksheet-for-high-school-students-4305.html,https://mathworksheetkidscoloringplanet.github.io/images/4-mathematics-practice-quiz-worksheet-for-high-school-students-4305.jpg,Printable Worksheets,04/03/2026 04:24:00 PM
Missing Number Math Worksheet,Printable Missing Number worksheet designed for Grade 1 students. Easy and fun math practice.,https://mathworksheetkidscoloringplanet.github.io/html/missing-number-math-worksheet-7144.html,https://mathworksheetkidscoloringplanet.github.io/images/missing-number-math-worksheet-7144.jpg,Printable Worksheets,04/03/2026 08:32:00 PM
Mixed Operations Math Worksheet,Fun and engaging Mixed Operations worksheet for Grade 3. Perfect printable math practice.,https://mathworksheetkidscoloringplanet.github.io/html/mixed-operations-math-worksheet-2695.html,https://mathworksheetkidscoloringplanet.github.io/images/mixed-operations-math-worksheet-2695.jpg,Elementary Math Activities,04/04/2026 08:34:00 AM
Grade 1 Multiplication Practice Worksheet (25 Problems) - Part 92 | Printable Practice,Fun and engaging Multiplication worksheet for Grade 1. Perfect printable math practice.,https://mathworksheetkidscoloringplanet.github.io/html/grade-1-multiplication-practice-worksheet-25-problems-part-92-2868.html,https://mathworksheetkidscoloringplanet.github.io/images/grade-1-multiplication-practice-worksheet-25-problems-part-92-2868.jpg,Homeschool Math,04/04/2026 11:03:00 AM
Free 10 Subtraction Math Worksheet For Grade 2 With Answers - Part 93 | Printable Practice,Free printable Subtraction worksheet for Grade 2. Perfect for homeschool practice and classroom activities.,https://mathworksheetkidscoloringplanet.github.io/html/free-10-subtraction-math-worksheet-for-grade-2-with-answers-part-93-7547.html,https://mathworksheetkidscoloringplanet.github.io/images/free-10-subtraction-math-worksheet-for-grade-2-with-answers-part-93-7547.jpg,Printable Worksheets,04/04/2026 01:22:00 PM
10 Times Table Worksheet For Grade 3 With Answers - Part 94 | Printable Practice,Fun and engaging Times Table worksheet for Grade 3. Perfect printable math practice.,https://mathworksheetkidscoloringplanet.github.io/html/10-times-table-worksheet-for-grade-3-with-answers-part-94-4374.html,https://mathworksheetkidscoloringplanet.github.io/images/10-times-table-worksheet-for-grade-3-with-answers-part-94-4374.jpg,Homeschool Math,04/04/2026 04:22:00 PM
Printable Tracing Worksheet For Kids - Part 95 | Free Printable,Free printable Tracing worksheet for Kindergarten. Perfect for homeschool practice and classroom activities.,https://mathworksheetkidscoloringplanet.github.io/html/printable-tracing-worksheet-for-kids-part-95-5271.html,https://mathworksheetkidscoloringplanet.github.io/images/printable-tracing-worksheet-for-kids-part-95-5271.jpg,Homeschool Math,04/04/2026 08:30:00 PM
Math Word Problem Worksheet,Fun and engaging Word Problem worksheet for Grade 3. Perfect printable math practice.,https://mathworksheetkidscoloringplanet.github.io/html/math-word-problem-worksheet-6665.html,https://mathworksheetkidscoloringplanet.github.io/images/math-word-problem-worksheet-6665.jpg,Elementary Math Activities,04/05/2026 08:38:00 AM
Printable Free 16 Addition Math Worksheet For Grade 3 - Part 97 | Printable Practice,Printable Addition worksheet designed for Grade 3 students. Easy and fun math practice.,https://mathworksheetkidscoloringplanet.github.io/html/printable-free-16-addition-math-worksheet-for-grade-3-part-97-9569.html,https://mathworksheetkidscoloringplanet.github.io/images/printable-free-16-addition-math-worksheet-for-grade-3-part-97-9569.jpg,Elementary Math Activities,04/05/2026 11:07:00 AM
Fun Count and Color Objects Worksheet for Kindergarten,Printable Count and Color worksheet designed for Kindergarten students. Easy and fun math practice.,https://mathworksheetkidscoloringplanet.github.io/html/fun-count-and-color-objects-worksheet-for-kindergarten-8865.html,https://mathworksheetkidscoloringplanet.github.io/images/fun-count-and-color-objects-worksheet-for-kindergarten-8865.jpg,Elementary Math Activities,04/05/2026 01:27:00 PM
Free Counting Objects Worksheet For Pre-K Printable - Part 99 | Printable Practice,Free printable Counting Objects worksheet for Pre-K. Perfect for homeschool practice and classroom activities.,https://mathworksheetkidscoloringplanet.github.io/html/free-counting-objects-worksheet-for-pre-k-printable-part-99-9436.html,https://mathworksheetkidscoloringplanet.github.io/images/free-counting-objects-worksheet-for-pre-k-printable-part-99-9436.jpg,Kids Math Worksheets,04/05/2026 04:33:00 PM
Printable Free 21 Division Math Worksheet For Grade 1 - Part 100 | Printable Practice,Printable Division worksheet designed for Grade 1 students. Easy and fun math practice.,https://mathworksheetkidscoloringplanet.github.io/html/printable-free-21-division-math-worksheet-for-grade-1-part-100-9213.html,https://mathworksheetkidscoloringplanet.github.io/images/printable-free-21-division-math-worksheet-for-grade-1-part-100-9213.jpg,Homeschool Math,04/05/2026 08:31:00 PM
8 Mathematics Practice Printable Worksheet,Fun and engaging Math worksheet for Math. Perfect printable math practice.,https://mathworksheetkidscoloringplanet.github.io/html/8-mathematics-practice-printable-worksheet-4922.html,https://mathworksheetkidscoloringplanet.github.io/images/8-mathematics-practice-printable-worksheet-4922.jpg,Printable Worksheets,04/06/2026 08:30:00 AM
Missing Number Math Worksheet,Help kids master Missing Number with this printable worksheet for Grade 1. Great for daily math practice.,https://mathworksheetkidscoloringplanet.github.io/html/missing-number-math-worksheet-3235.html,https://mathworksheetkidscoloringplanet.github.io/images/missing-number-math-worksheet-3235.jpg,Homeschool Math,04/06/2026 11:00:00 AM
Mixed Operations Math Worksheet,Printable Mixed Operations worksheet designed for Grade 3 students. Easy and fun math practice.,https://mathworksheetkidscoloringplanet.github.io/html/mixed-operations-math-worksheet-8099.html,https://mathworksheetkidscoloringplanet.github.io/images/mixed-operations-math-worksheet-8099.jpg,Homeschool Math,04/06/2026 01:35:00 PM
Free 18 Multiplication Math Worksheet For Grade 1 With Answers - Part 104 | Printable Practice,Help kids master Multiplication with this printable worksheet for Grade 1. Great for daily math practice.,https://mathworksheetkidscoloringplanet.github.io/html/free-18-multiplication-math-worksheet-for-grade-1-with-answers-part-104-1299.html,https://mathworksheetkidscoloringplanet.github.io/images/free-18-multiplication-math-worksheet-for-grade-1-with-answers-part-104-1299.jpg,Homeschool Math,04/06/2026 04:31:00 PM
Printable Free 14 Subtraction Math Worksheet For Grade 3 - Part 105 | Printable Practice,Help kids master Subtraction with this printable worksheet for Grade 3. Great for daily math practice.,https://mathworksheetkidscoloringplanet.github.io/html/printable-free-14-subtraction-math-worksheet-for-grade-3-part-105-6755.html,https://mathworksheetkidscoloringplanet.github.io/images/printable-free-14-subtraction-math-worksheet-for-grade-3-part-105-6755.jpg,Printable Worksheets,04/06/2026 08:25:00 PM
Printable 3 Times Table Worksheet For Grade 2 - Part 106 | Printable Practice,Teachers and parents love this Times Table worksheet for Grade 2. Download and print instantly.,https://mathworksheetkidscoloringplanet.github.io/html/printable-3-times-table-worksheet-for-grade-2-part-106-2633.html,https://mathworksheetkidscoloringplanet.github.io/images/printable-3-times-table-worksheet-for-grade-2-part-106-2633.jpg,Kids Math Worksheets,04/07/2026 08:23:00 AM
Printable Tracing Worksheet For Kids - Part 107 | Free Printable,Free printable Tracing worksheet for Kindergarten. Perfect for homeschool practice and classroom activities.,https://mathworksheetkidscoloringplanet.github.io/html/printable-tracing-worksheet-for-kids-part-107-2941.html,https://mathworksheetkidscoloringplanet.github.io/images/printable-tracing-worksheet-for-kids-part-107-2941.jpg,Elementary Math Activities,04/07/2026 11:08:00 AM
Math Word Problem Worksheet,Printable Word Problem worksheet designed for Grade 3 students. Easy and fun math practice.,https://mathworksheetkidscoloringplanet.github.io/html/math-word-problem-worksheet-8920.html,https://mathworksheetkidscoloringplanet.github.io/images/math-word-problem-worksheet-8920.jpg,Printable Worksheets,04/07/2026 01:29:00 PM
Grade 5 Addition Practice Worksheet (30 Problems) - Part 109 | Printable Practice,Fun and engaging Addition worksheet for Grade 5. Perfect printable math practice.,https://mathworksheetkidscoloringplanet.github.io/html/grade-5-addition-practice-worksheet-30-problems-part-109-2171.html,https://mathworksheetkidscoloringplanet.github.io/images/grade-5-addition-practice-worksheet-30-problems-part-109-2171.jpg,Printable Worksheets,04/07/2026 04:26:00 PM
Printable Count and Color Worksheet for Preschool Kids,Help kids master Count and Color with this printable worksheet for Preschool. Great for daily math practice.,https://mathworksheetkidscoloringplanet.github.io/html/printable-count-and-color-worksheet-for-preschool-kids-6750.html,https://mathworksheetkidscoloringplanet.github.io/images/printable-count-and-color-worksheet-for-preschool-kids-6750.jpg,Elementary Math Activities,04/07/2026 08:33:00 PM
Learn Counting With Pictures Worksheet (Pre-K) - Part 111 | Printable Practice,Help kids master Counting Objects with this printable worksheet for Pre-K. Great for daily math practice.,https://mathworksheetkidscoloringplanet.github.io/html/learn-counting-with-pictures-worksheet-pre-k-part-111-6507.html,https://mathworksheetkidscoloringplanet.github.io/images/learn-counting-with-pictures-worksheet-pre-k-part-111-6507.jpg,Kids Math Worksheets,04/08/2026 08:26:00 AM
Free 11 Division Math Worksheet For Grade 1 - Part 112 | Printable Practice,Help kids master Division with this printable worksheet for Grade 1. Great for daily math practice.,https://mathworksheetkidscoloringplanet.github.io/html/free-11-division-math-worksheet-for-grade-1-part-112-7155.html,https://mathworksheetkidscoloringplanet.github.io/images/free-11-division-math-worksheet-for-grade-1-part-112-7155.jpg,Elementary Math Activities,04/08/2026 11:02:00 AM
Practice General Math Quiz Worksheet (4 Questions),Free printable Math worksheet for Math. Perfect for homeschool practice and classroom activities.,https://mathworksheetkidscoloringplanet.github.io/html/practice-general-math-quiz-worksheet-4-questions-6020.html,https://mathworksheetkidscoloringplanet.github.io/images/practice-general-math-quiz-worksheet-4-questions-6020.jpg,Elementary Math Activities,04/08/2026 01:35:00 PM
Missing Number Math Worksheet,Fun and engaging Missing Number worksheet for Grade 1. Perfect printable math practice.,https://mathworksheetkidscoloringplanet.github.io/html/missing-number-math-worksheet-2847.html,https://mathworksheetkidscoloringplanet.github.io/images/missing-number-math-worksheet-2847.jpg,Printable Worksheets,04/08/2026 04:24:00 PM
Mixed Operations Math Worksheet,Printable Mixed Operations worksheet designed for Grade 3 students. Easy and fun math practice.,https://mathworksheetkidscoloringplanet.github.io/html/mixed-operations-math-worksheet-2285.html,https://mathworksheetkidscoloringplanet.github.io/images/mixed-operations-math-worksheet-2285.jpg,Homeschool Math,04/08/2026 08:26:00 PM
Free 20 Multiplication Math Worksheet For Grade 2 - Part 116 | Printable Practice,Fun and engaging Multiplication worksheet for Grade 2. Perfect printable math practice.,https://mathworksheetkidscoloringplanet.github.io/html/free-20-multiplication-math-worksheet-for-grade-2-part-116-2292.html,https://mathworksheetkidscoloringplanet.github.io/images/free-20-multiplication-math-worksheet-for-grade-2-part-116-2292.jpg,Math Practice Printables,04/09/2026 08:35:00 AM
Free 15 Subtraction Math Worksheet For Grade 3 - Part 117 | Printable Practice,Teachers and parents love this Subtraction worksheet for Grade 3. Download and print instantly.,https://mathworksheetkidscoloringplanet.github.io/html/free-15-subtraction-math-worksheet-for-grade-3-part-117-2749.html,https://mathworksheetkidscoloringplanet.github.io/images/free-15-subtraction-math-worksheet-for-grade-3-part-117-2749.jpg,Elementary Math Activities,04/09/2026 11:05:00 AM
9 Times Table Worksheet For Grade 3 - Part 118 | Printable Practice,Printable Times Table worksheet designed for Grade 3 students. Easy and fun math practice.,https://mathworksheetkidscoloringplanet.github.io/html/9-times-table-worksheet-for-grade-3-part-118-6630.html,https://mathworksheetkidscoloringplanet.github.io/images/9-times-table-worksheet-for-grade-3-part-118-6630.jpg,Printable Worksheets,04/09/2026 01:22:00 PM
Printable Tracing Worksheet For Kids - Part 119 | Free Printable,Fun and engaging Tracing worksheet for Kindergarten. Perfect printable math practice.,https://mathworksheetkidscoloringplanet.github.io/html/printable-tracing-worksheet-for-kids-part-119-1785.html,https://mathworksheetkidscoloringplanet.github.io/images/printable-tracing-worksheet-for-kids-part-119-1785.jpg,Homeschool Math,04/09/2026 04:24:00 PM
Math Word Problem Worksheet,Fun and engaging Word Problem worksheet for Grade 3. Perfect printable math practice.,https://mathworksheetkidscoloringplanet.github.io/html/math-word-problem-worksheet-5221.html,https://mathworksheetkidscoloringplanet.github.io/images/math-word-problem-worksheet-5221.jpg,Elementary Math Activities,04/09/2026 08:32:00 PM
Printable Free 26 Addition Math Worksheet For Grade 5 - Part 121 | Printable Practice,Free printable Addition worksheet for Grade 5. Perfect for homeschool practice and classroom activities.,https://mathworksheetkidscoloringplanet.github.io/html/printable-free-26-addition-math-worksheet-for-grade-5-part-121-8940.html,https://mathworksheetkidscoloringplanet.github.io/images/printable-free-26-addition-math-worksheet-for-grade-5-part-121-8940.jpg,Homeschool Math,04/10/2026 08:37:00 AM
"Count and Color Star, Star, Circle Worksheet for Kids",Help kids master Count and Color with this printable worksheet for Grade 1. Great for daily math practice.,https://mathworksheetkidscoloringplanet.github.io/html/count-and-color-star-star-circle-worksheet-for-kids-5124.html,https://mathworksheetkidscoloringplanet.github.io/images/count-and-color-star-star-circle-worksheet-for-kids-5124.jpg,Homeschool Math,04/10/2026 11:00:00 AM
Free Counting Objects Worksheet For Pre-K - Part 123 | Printable Practice,Printable Counting Objects worksheet designed for Pre-K students. Easy and fun math practice.,https://mathworksheetkidscoloringplanet.github.io/html/free-counting-objects-worksheet-for-pre-k-part-123-5477.html,https://mathworksheetkidscoloringplanet.github.io/images/free-counting-objects-worksheet-for-pre-k-part-123-5477.jpg,Kids Math Worksheets,04/10/2026 01:22:00 PM
Printable Free 20 Division Math Worksheet For Grade 2 - Part 124 | Printable Practice,Printable Division worksheet designed for Grade 2 students. Easy and fun math practice.,https://mathworksheetkidscoloringplanet.github.io/html/printable-free-20-division-math-worksheet-for-grade-2-part-124-6985.html,https://mathworksheetkidscoloringplanet.github.io/images/printable-free-20-division-math-worksheet-for-grade-2-part-124-6985.jpg,Printable Worksheets,04/10/2026 04:31:00 PM
4 Mathematics Practice Worksheet for Study,Free printable Math worksheet for Math. Perfect for homeschool practice and classroom activities.,https://mathworksheetkidscoloringplanet.github.io/html/4-mathematics-practice-worksheet-for-study-7738.html,https://mathworksheetkidscoloringplanet.github.io/images/4-mathematics-practice-worksheet-for-study-7738.jpg,Kids Math Worksheets,04/10/2026 08:26:00 PM
Missing Number Math Worksheet,Fun and engaging Missing Number worksheet for Grade 1. Perfect printable math practice.,https://mathworksheetkidscoloringplanet.github.io/html/missing-number-math-worksheet-1509.html,https://mathworksheetkidscoloringplanet.github.io/images/missing-number-math-worksheet-1509.jpg,Kids Math Worksheets,04/11/2026 08:29:00 AM
Mixed Operations Math Worksheet,Printable Mixed Operations worksheet designed for Grade 3 students. Easy and fun math practice.,https://mathworksheetkidscoloringplanet.github.io/html/mixed-operations-math-worksheet-5629.html,https://mathworksheetkidscoloringplanet.github.io/images/mixed-operations-math-worksheet-5629.jpg,Kids Math Worksheets,04/11/2026 11:05:00 AM
Printable Free 27 Multiplication Math Worksheet For Grade 1 - Part 128 | Printable Practice,Help kids master Multiplication with this printable worksheet for Grade 1. Great for daily math practice.,https://mathworksheetkidscoloringplanet.github.io/html/printable-free-27-multiplication-math-worksheet-for-grade-1-part-128-6252.html,https://mathworksheetkidscoloringplanet.github.io/images/printable-free-27-multiplication-math-worksheet-for-grade-1-part-128-6252.jpg,Elementary Math Activities,04/11/2026 01:37:00 PM
Free 20 Subtraction Math Worksheet For Grade 5 With Answers - Part 129 | Printable Practice,Free printable Subtraction worksheet for Grade 5. Perfect for homeschool practice and classroom activities.,https://mathworksheetkidscoloringplanet.github.io/html/free-20-subtraction-math-worksheet-for-grade-5-with-answers-part-129-1105.html,https://mathworksheetkidscoloringplanet.github.io/images/free-20-subtraction-math-worksheet-for-grade-5-with-answers-part-129-1105.jpg,Elementary Math Activities,04/11/2026 04:35:00 PM
Printable 12 Times Table Worksheet For Grade 4 - Part 130 | Printable Practice,Help kids master Times Table with this printable worksheet for Grade 4. Great for daily math practice.,https://mathworksheetkidscoloringplanet.github.io/html/printable-12-times-table-worksheet-for-grade-4-part-130-5973.html,https://mathworksheetkidscoloringplanet.github.io/images/printable-12-times-table-worksheet-for-grade-4-part-130-5973.jpg,Math Practice Printables,04/11/2026 08:27:00 PM
Printable Tracing Worksheet For Kids - Part 131 | Free Printable,Printable Tracing worksheet designed for Kindergarten students. Easy and fun math practice.,https://mathworksheetkidscoloringplanet.github.io/html/printable-tracing-worksheet-for-kids-part-131-3564.html,https://mathworksheetkidscoloringplanet.github.io/images/printable-tracing-worksheet-for-kids-part-131-3564.jpg,Elementary Math Activities,04/12/2026 08:29:00 AM
Math Word Problem Worksheet,Free printable Word Problem worksheet for Grade 3. Perfect for homeschool practice and classroom activities.,https://mathworksheetkidscoloringplanet.github.io/html/math-word-problem-worksheet-2979.html,https://mathworksheetkidscoloringplanet.github.io/images/math-word-problem-worksheet-2979.jpg,Kids Math Worksheets,04/12/2026 11:03:00 AM
Free 12 Addition Math Worksheet For Grade 3 With Answers - Part 133 | Printable Practice,Free printable Addition worksheet for Grade 3. Perfect for homeschool practice and classroom activities.,https://mathworksheetkidscoloringplanet.github.io/html/free-12-addition-math-worksheet-for-grade-3-with-answers-part-133-8946.html,https://mathworksheetkidscoloringplanet.github.io/images/free-12-addition-math-worksheet-for-grade-3-with-answers-part-133-8946.jpg,Homeschool Math,04/12/2026 01:34:00 PM
Free Preschool Count and Color Worksheet,Teachers and parents love this Count and Color worksheet for Preschool. Download and print instantly.,https://mathworksheetkidscoloringplanet.github.io/html/free-preschool-count-and-color-worksheet-5009.html,https://mathworksheetkidscoloringplanet.github.io/images/free-preschool-count-and-color-worksheet-5009.jpg,Printable Worksheets,04/12/2026 04:29:00 PM
Learn Counting With Pictures Worksheet (Kindergarten) - Part 135 | Printable Practice,Printable Counting Objects worksheet designed for Kindergarten students. Easy and fun math practice.,https://mathworksheetkidscoloringplanet.github.io/html/learn-counting-with-pictures-worksheet-kindergarten-part-135-4360.html,https://mathworksheetkidscoloringplanet.github.io/images/learn-counting-with-pictures-worksheet-kindergarten-part-135-4360.jpg,Elementary Math Activities,04/12/2026 08:24:00 PM
Free 10 Division Math Worksheet For Grade 2 - Part 136 | Printable Practice,Printable Division worksheet designed for Grade 2 students. Easy and fun math practice.,https://mathworksheetkidscoloringplanet.github.io/html/free-10-division-math-worksheet-for-grade-2-part-136-1935.html,https://mathworksheetkidscoloringplanet.github.io/images/free-10-division-math-worksheet-for-grade-2-part-136-1935.jpg,Elementary Math Activities,04/13/2026 08:28:00 AM
8 General Math Quiz Training Worksheet for Math Learners,Printable Math worksheet designed for Math students. Easy and fun math practice.,https://mathworksheetkidscoloringplanet.github.io/html/8-general-math-quiz-training-worksheet-for-math-learners-6190.html,https://mathworksheetkidscoloringplanet.github.io/images/8-general-math-quiz-training-worksheet-for-math-learners-6190.jpg,Kids Math Worksheets,04/13/2026 11:07:00 AM
Missing Number Math Worksheet,Teachers and parents love this Missing Number worksheet for Grade 1. Download and print instantly.,https://mathworksheetkidscoloringplanet.github.io/html/missing-number-math-worksheet-5940.html,https://mathworksheetkidscoloringplanet.github.io/images/missing-number-math-worksheet-5940.jpg,Printable Worksheets,04/13/2026 01:32:00 PM
Mixed Operations Math Worksheet,Free printable Mixed Operations worksheet for Grade 3. Perfect for homeschool practice and classroom activities.,https://mathworksheetkidscoloringplanet.github.io/html/mixed-operations-math-worksheet-6803.html,https://mathworksheetkidscoloringplanet.github.io/images/mixed-operations-math-worksheet-6803.jpg,Math Practice Printables,04/13/2026 04:29:00 PM
Grade 2 Multiplication Practice Worksheet (12 Problems) - Part 140 | Printable Practice,Teachers and parents love this Multiplication worksheet for Grade 2. Download and print instantly.,https://mathworksheetkidscoloringplanet.github.io/html/grade-2-multiplication-practice-worksheet-12-problems-part-140-6937.html,https://mathworksheetkidscoloringplanet.github.io/images/grade-2-multiplication-practice-worksheet-12-problems-part-140-6937.jpg,Math Practice Printables,04/13/2026 08:36:00 PM
Printable Free 29 Subtraction Math Worksheet For Grade 2 - Part 141 | Printable Practice,Help kids master Subtraction with this printable worksheet for Grade 2. Great for daily math practice.,https://mathworksheetkidscoloringplanet.github.io/html/printable-free-29-subtraction-math-worksheet-for-grade-2-part-141-2727.html,https://mathworksheetkidscoloringplanet.github.io/images/printable-free-29-subtraction-math-worksheet-for-grade-2-part-141-2727.jpg,Math Practice Printables,04/14/2026 08:38:00 AM
Grade 3 Multiplication Table 9 Practice - Part 142 | Printable Practice,Free printable Times Table worksheet for Grade 3. Perfect for homeschool practice and classroom activities.,https://mathworksheetkidscoloringplanet.github.io/html/grade-3-multiplication-table-9-practice-part-142-2782.html,https://mathworksheetkidscoloringplanet.github.io/images/grade-3-multiplication-table-9-practice-part-142-2782.jpg,Kids Math Worksheets,04/14/2026 11:05:00 AM
Printable Tracing Worksheet For Kids - Part 143 | Free Printable,Fun and engaging Tracing worksheet for Kindergarten. Perfect printable math practice.,https://mathworksheetkidscoloringplanet.github.io/html/printable-tracing-worksheet-for-kids-part-143-5318.html,https://mathworksheetkidscoloringplanet.github.io/images/printable-tracing-worksheet-for-kids-part-143-5318.jpg,Homeschool Math,04/14/2026 01:22:00 PM
Math Word Problem Worksheet,Help kids master Word Problem with this printable worksheet for Grade 3. Great for daily math practice.,https://mathworksheetkidscoloringplanet.github.io/html/math-word-problem-worksheet-8686.html,https://mathworksheetkidscoloringplanet.github.io/images/math-word-problem-worksheet-8686.jpg,Printable Worksheets,04/14/2026 04:24:00 PM
Printable Free 28 Addition Math Worksheet For Grade 3 - Part 145 | Printable Practice,Free printable Addition worksheet for Grade 3. Perfect for homeschool practice and classroom activities.,https://mathworksheetkidscoloringplanet.github.io/html/printable-free-28-addition-math-worksheet-for-grade-3-part-145-5368.html,https://mathworksheetkidscoloringplanet.github.io/images/printable-free-28-addition-math-worksheet-for-grade-3-part-145-5368.jpg,Homeschool Math,04/14/2026 08:29:00 PM
"Count and Color Ball, Star, Triangle Worksheet for Kids",Free printable Count and Color worksheet for Grade 1. Perfect for homeschool practice and classroom activities.,https://mathworksheetkidscoloringplanet.github.io/html/count-and-color-ball-star-triangle-worksheet-for-kids-8194.html,https://mathworksheetkidscoloringplanet.github.io/images/count-and-color-ball-star-triangle-worksheet-for-kids-8194.jpg,Printable Worksheets,04/15/2026 08:28:00 AM
Free Counting Objects Worksheet For Kindergarten - Part 147 | Printable Practice,Teachers and parents love this Counting Objects worksheet for Kindergarten. Download and print instantly.,https://mathworksheetkidscoloringplanet.github.io/html/free-counting-objects-worksheet-for-kindergarten-part-147-9406.html,https://mathworksheetkidscoloringplanet.github.io/images/free-counting-objects-worksheet-for-kindergarten-part-147-9406.jpg,Homeschool Math,04/15/2026 11:00:00 AM
Grade 1 Division Practice Worksheet (29 Problems) - Part 148 | Printable Practice,Help kids master Division with this printable worksheet for Grade 1. Great for daily math practice.,https://mathworksheetkidscoloringplanet.github.io/html/grade-1-division-practice-worksheet-29-problems-part-148-2121.html,https://mathworksheetkidscoloringplanet.github.io/images/grade-1-division-practice-worksheet-29-problems-part-148-2121.jpg,Printable Worksheets,04/15/2026 01:34:00 PM
8 General Math Quiz for Teens,Printable Math worksheet designed for Math students. Easy and fun math practice.,https://mathworksheetkidscoloringplanet.github.io/html/8-general-math-quiz-for-teens-4884.html,https://mathworksheetkidscoloringplanet.github.io/images/8-general-math-quiz-for-teens-4884.jpg,Math Practice Printables,04/15/2026 04:26:00 PM
Missing Number Math Worksheet,Free printable Missing Number worksheet for Grade 1. Perfect for homeschool practice and classroom activities.,https://mathworksheetkidscoloringplanet.github.io/html/missing-number-math-worksheet-6445.html,https://mathworksheetkidscoloringplanet.github.io/images/missing-number-math-worksheet-6445.jpg,Elementary Math Activities,04/15/2026 08:25:00 PM
Mixed Operations Math Worksheet,Help kids master Mixed Operations with this printable worksheet for Grade 3. Great for daily math practice.,https://mathworksheetkidscoloringplanet.github.io/html/mixed-operations-math-worksheet-8827.html,https://mathworksheetkidscoloringplanet.github.io/images/mixed-operations-math-worksheet-8827.jpg,Homeschool Math,04/16/2026 08:34:00 AM
Free 26 Multiplication Math Worksheet For Grade 1 - Part 152 | Printable Practice,Help kids master Multiplication with this printable worksheet for Grade 1. Great for daily math practice.,https://mathworksheetkidscoloringplanet.github.io/html/free-26-multiplication-math-worksheet-for-grade-1-part-152-8986.html,https://mathworksheetkidscoloringplanet.github.io/images/free-26-multiplication-math-worksheet-for-grade-1-part-152-8986.jpg,Homeschool Math,04/16/2026 11:01:00 AM
Printable Free 22 Subtraction Math Worksheet For Grade 5 - Part 153 | Printable Practice,Free printable Subtraction worksheet for Grade 5. Perfect for homeschool practice and classroom activities.,https://mathworksheetkidscoloringplanet.github.io/html/printable-free-22-subtraction-math-worksheet-for-grade-5-part-153-4625.html,https://mathworksheetkidscoloringplanet.github.io/images/printable-free-22-subtraction-math-worksheet-for-grade-5-part-153-4625.jpg,Kids Math Worksheets,04/16/2026 01:27:00 PM
Printable 11 Times Table Worksheet For Grade 4 - Part 154 | Printable Practice,Fun and engaging Times Table worksheet for Grade 4. Perfect printable math practice.,https://mathworksheetkidscoloringplanet.github.io/html/printable-11-times-table-worksheet-for-grade-4-part-154-3014.html,https://mathworksheetkidscoloringplanet.github.io/images/printable-11-times-table-worksheet-for-grade-4-part-154-3014.jpg,Elementary Math Activities,04/16/2026 04:34:00 PM
Printable Tracing Worksheet For Kids - Part 155 | Free Printable,Help kids master Tracing with this printable worksheet for Kindergarten. Great for daily math practice.,https://mathworksheetkidscoloringplanet.github.io/html/printable-tracing-worksheet-for-kids-part-155-6570.html,https://mathworksheetkidscoloringplanet.github.io/images/printable-tracing-worksheet-for-kids-part-155-6570.jpg,Elementary Math Activities,04/16/2026 08:31:00 PM
Math Word Problem Worksheet,Teachers and parents love this Word Problem worksheet for Grade 3. Download and print instantly.,https://mathworksheetkidscoloringplanet.github.io/html/math-word-problem-worksheet-2089.html,https://mathworksheetkidscoloringplanet.github.io/images/math-word-problem-worksheet-2089.jpg,Printable Worksheets,04/17/2026 08:29:00 AM
Grade 5 Addition Practice Worksheet (11 Problems) - Part 157 | Printable Practice,Help kids master Addition with this printable worksheet for Grade 5. Great for daily math practice.,https://mathworksheetkidscoloringplanet.github.io/html/grade-5-addition-practice-worksheet-11-problems-part-157-1764.html,https://mathworksheetkidscoloringplanet.github.io/images/grade-5-addition-practice-worksheet-11-problems-part-157-1764.jpg,Kids Math Worksheets,04/17/2026 11:00:00 AM
Free Preschool Count and Color Worksheet,Printable Count and Color worksheet designed for Preschool students. Easy and fun math practice.,https://mathworksheetkidscoloringplanet.github.io/html/free-preschool-count-and-color-worksheet-4881.html,https://mathworksheetkidscoloringplanet.github.io/images/free-preschool-count-and-color-worksheet-4881.jpg,Printable Worksheets,04/17/2026 01:25:00 PM
Learn Counting With Pictures Worksheet (Kindergarten) - Part 159 | Printable Practice,Help kids master Counting Objects with this printable worksheet for Kindergarten. Great for daily math practice.,https://mathworksheetkidscoloringplanet.github.io/html/learn-counting-with-pictures-worksheet-kindergarten-part-159-7216.html,https://mathworksheetkidscoloringplanet.github.io/images/learn-counting-with-pictures-worksheet-kindergarten-part-159-7216.jpg,Kids Math Worksheets,04/17/2026 04:37:00 PM
Grade 1 Division Practice Worksheet (27 Problems) - Part 160 | Printable Practice,Teachers and parents love this Division worksheet for Grade 1. Download and print instantly.,https://mathworksheetkidscoloringplanet.github.io/html/grade-1-division-practice-worksheet-27-problems-part-160-4837.html,https://mathworksheetkidscoloringplanet.github.io/images/grade-1-division-practice-worksheet-27-problems-part-160-4837.jpg,Printable Worksheets,04/17/2026 08:22:00 PM
Advanced Mathematics Quiz Worksheet (4 Questions),Free printable Math worksheet for Math. Perfect for homeschool practice and classroom activities.,https://mathworksheetkidscoloringplanet.github.io/html/advanced-mathematics-quiz-worksheet-4-questions-3854.html,https://mathworksheetkidscoloringplanet.github.io/images/advanced-mathematics-quiz-worksheet-4-questions-3854.jpg,Kids Math Worksheets,04/18/2026 08:36:00 AM
Missing Number Math Worksheet,Printable Missing Number worksheet designed for Grade 1 students. Easy and fun math practice.,https://mathworksheetkidscoloringplanet.github.io/html/missing-number-math-worksheet-8543.html,https://mathworksheetkidscoloringplanet.github.io/images/missing-number-math-worksheet-8543.jpg,Printable Worksheets,04/18/2026 11:00:00 AM
Mixed Operations Math Worksheet,Printable Mixed Operations worksheet designed for Grade 3 students. Easy and fun math practice.,https://mathworksheetkidscoloringplanet.github.io/html/mixed-operations-math-worksheet-8674.html,https://mathworksheetkidscoloringplanet.github.io/images/mixed-operations-math-worksheet-8674.jpg,Math Practice Printables,04/18/2026 01:32:00 PM
Grade 1 Multiplication Practice Worksheet (11 Problems) - Part 164 | Printable Practice,Help kids master Multiplication with this printable worksheet for Grade 1. Great for daily math practice.,https://mathworksheetkidscoloringplanet.github.io/html/grade-1-multiplication-practice-worksheet-11-problems-part-164-8761.html,https://mathworksheetkidscoloringplanet.github.io/images/grade-1-multiplication-practice-worksheet-11-problems-part-164-8761.jpg,Printable Worksheets,04/18/2026 04:32:00 PM
Printable Free 18 Subtraction Math Worksheet For Grade 5 - Part 165 | Printable Practice,Printable Subtraction worksheet designed for Grade 5 students. Easy and fun math practice.,https://mathworksheetkidscoloringplanet.github.io/html/printable-free-18-subtraction-math-worksheet-for-grade-5-part-165-6882.html,https://mathworksheetkidscoloringplanet.github.io/images/printable-free-18-subtraction-math-worksheet-for-grade-5-part-165-6882.jpg,Homeschool Math,04/18/2026 08:30:00 PM
Grade 3 Multiplication Table 9 Practice - Part 166 | Printable Practice,Fun and engaging Times Table worksheet for Grade 3. Perfect printable math practice.,https://mathworksheetkidscoloringplanet.github.io/html/grade-3-multiplication-table-9-practice-part-166-2961.html,https://mathworksheetkidscoloringplanet.github.io/images/grade-3-multiplication-table-9-practice-part-166-2961.jpg,Math Practice Printables,04/19/2026 08:28:00 AM
Printable Tracing Worksheet For Kids - Part 167 | Free Printable,Teachers and parents love this Tracing worksheet for Preschool. Download and print instantly.,https://mathworksheetkidscoloringplanet.github.io/html/printable-tracing-worksheet-for-kids-part-167-9637.html,https://mathworksheetkidscoloringplanet.github.io/images/printable-tracing-worksheet-for-kids-part-167-9637.jpg,Printable Worksheets,04/19/2026 11:00:00 AM
Math Word Problem Worksheet,Fun and engaging Word Problem worksheet for Grade 3. Perfect printable math practice.,https://mathworksheetkidscoloringplanet.github.io/html/math-word-problem-worksheet-1510.html,https://mathworksheetkidscoloringplanet.github.io/images/math-word-problem-worksheet-1510.jpg,Printable Worksheets,04/19/2026 01:27:00 PM
Grade 1 Addition Practice Worksheet (24 Problems) - Part 169 | Printable Practice,Printable Addition worksheet designed for Grade 1 students. Easy and fun math practice.,https://mathworksheetkidscoloringplanet.github.io/html/grade-1-addition-practice-worksheet-24-problems-part-169-3069.html,https://mathworksheetkidscoloringplanet.github.io/images/grade-1-addition-practice-worksheet-24-problems-part-169-3069.jpg,Printable Worksheets,04/19/2026 04:26:00 PM
"Count and Color Apple, Car, Apple Worksheet for Kids",Help kids master Count and Color with this printable worksheet for Preschool. Great for daily math practice.,https://mathworksheetkidscoloringplanet.github.io/html/count-and-color-apple-car-apple-worksheet-for-kids-1625.html,https://mathworksheetkidscoloringplanet.github.io/images/count-and-color-apple-car-apple-worksheet-for-kids-1625.jpg,Math Practice Printables,04/19/2026 08:35:00 PM
Free Counting Objects Worksheet For Pre-K - Part 171 | Printable Practice,Help kids master Counting Objects with this printable worksheet for Pre-K. Great for daily math practice.,https://mathworksheetkidscoloringplanet.github.io/html/free-counting-objects-worksheet-for-pre-k-part-171-7776.html,https://mathworksheetkidscoloringplanet.github.io/images/free-counting-objects-worksheet-for-pre-k-part-171-7776.jpg,Math Practice Printables,04/20/2026 08:31:00 AM
Free 23 Division Math Worksheet For Grade 2 With Answers - Part 172 | Printable Practice,Fun and engaging Division worksheet for Grade 2. Perfect printable math practice.,https://mathworksheetkidscoloringplanet.github.io/html/free-23-division-math-worksheet-for-grade-2-with-answers-part-172-5630.html,https://mathworksheetkidscoloringplanet.github.io/images/free-23-division-math-worksheet-for-grade-2-with-answers-part-172-5630.jpg,Kids Math Worksheets,04/20/2026 11:02:00 AM
Complete Math Knowledge Test for Students (4 Questions),Fun and engaging Math worksheet for Math. Perfect printable math practice.,https://mathworksheetkidscoloringplanet.github.io/html/complete-math-knowledge-test-for-students-4-questions-5272.html,https://mathworksheetkidscoloringplanet.github.io/images/complete-math-knowledge-test-for-students-4-questions-5272.jpg,Printable Worksheets,04/20/2026 01:33:00 PM
Missing Number Math Worksheet,Free printable Missing Number worksheet for Grade 1. Perfect for homeschool practice and classroom activities.,https://mathworksheetkidscoloringplanet.github.io/html/missing-number-math-worksheet-8721.html,https://mathworksheetkidscoloringplanet.github.io/images/missing-number-math-worksheet-8721.jpg,Printable Worksheets,04/20/2026 04:32:00 PM
Mixed Operations Math Worksheet,Fun and engaging Mixed Operations worksheet for Grade 3. Perfect printable math practice.,https://mathworksheetkidscoloringplanet.github.io/html/mixed-operations-math-worksheet-5918.html,https://mathworksheetkidscoloringplanet.github.io/images/mixed-operations-math-worksheet-5918.jpg,Math Practice Printables,04/20/2026 08:27:00 PM
Free 27 Multiplication Math Worksheet For Grade 2 - Part 176 | Printable Practice,Free printable Multiplication worksheet for Grade 2. Perfect for homeschool practice and classroom activities.,https://mathworksheetkidscoloringplanet.github.io/html/free-27-multiplication-math-worksheet-for-grade-2-part-176-3793.html,https://mathworksheetkidscoloringplanet.github.io/images/free-27-multiplication-math-worksheet-for-grade-2-part-176-3793.jpg,Elementary Math Activities,04/21/2026 08:37:00 AM
Free 26 Subtraction Math Worksheet For Grade 3 With Answers - Part 177 | Printable Practice,Help kids master Subtraction with this printable worksheet for Grade 3. Great for daily math practice.,https://mathworksheetkidscoloringplanet.github.io/html/free-26-subtraction-math-worksheet-for-grade-3-with-answers-part-177-6137.html,https://mathworksheetkidscoloringplanet.github.io/images/free-26-subtraction-math-worksheet-for-grade-3-with-answers-part-177-6137.jpg,Elementary Math Activities,04/21/2026 11:00:00 AM
Grade 4 Multiplication Table 11 Practice - Part 178 | Printable Practice,Free printable Times Table worksheet for Grade 4. Perfect for homeschool practice and classroom activities.,https://mathworksheetkidscoloringplanet.github.io/html/grade-4-multiplication-table-11-practice-part-178-2863.html,https://mathworksheetkidscoloringplanet.github.io/images/grade-4-multiplication-table-11-practice-part-178-2863.jpg,Math Practice Printables,04/21/2026 01:29:00 PM
Printable Tracing Worksheet For Kids - Part 179 | Free Printable,Fun and engaging Tracing worksheet for Kindergarten. Perfect printable math practice.,https://mathworksheetkidscoloringplanet.github.io/html/printable-tracing-worksheet-for-kids-part-179-6231.html,https://mathworksheetkidscoloringplanet.github.io/images/printable-tracing-worksheet-for-kids-part-179-6231.jpg,Kids Math Worksheets,04/21/2026 04:35:00 PM
Math Word Problem Worksheet,Fun and engaging Word Problem worksheet for Grade 3. Perfect printable math practice.,https://mathworksheetkidscoloringplanet.github.io/html/math-word-problem-worksheet-7894.html,https://mathworksheetkidscoloringplanet.github.io/images/math-word-problem-worksheet-7894.jpg,Elementary Math Activities,04/21/2026 08:30:00 PM
Printable Free 24 Addition Math Worksheet For Grade 5 - Part 181 | Printable Practice,Printable Addition worksheet designed for Grade 5 students. Easy and fun math practice.,https://mathworksheetkidscoloringplanet.github.io/html/printable-free-24-addition-math-worksheet-for-grade-5-part-181-2049.html,https://mathworksheetkidscoloringplanet.github.io/images/printable-free-24-addition-math-worksheet-for-grade-5-part-181-2049.jpg,Kids Math Worksheets,04/22/2026 08:29:00 AM
Printable Count and Color Worksheet for Preschool Kids,Free printable Count and Color worksheet for Preschool. Perfect for homeschool practice and classroom activities.,https://mathworksheetkidscoloringplanet.github.io/html/printable-count-and-color-worksheet-for-preschool-kids-2308.html,https://mathworksheetkidscoloringplanet.github.io/images/printable-count-and-color-worksheet-for-preschool-kids-2308.jpg,Homeschool Math,04/22/2026 11:08:00 AM
Free Counting Objects Worksheet For Kindergarten - Part 183 | Printable Practice,Fun and engaging Counting Objects worksheet for Kindergarten. Perfect printable math practice.,https://mathworksheetkidscoloringplanet.github.io/html/free-counting-objects-worksheet-for-kindergarten-part-183-4061.html,https://mathworksheetkidscoloringplanet.github.io/images/free-counting-objects-worksheet-for-kindergarten-part-183-4061.jpg,Elementary Math Activities,04/22/2026 01:34:00 PM
Free 15 Division Math Worksheet For Grade 2 With Answers - Part 184 | Printable Practice,Free printable Division worksheet for Grade 2. Perfect for homeschool practice and classroom activities.,https://mathworksheetkidscoloringplanet.github.io/html/free-15-division-math-worksheet-for-grade-2-with-answers-part-184-6118.html,https://mathworksheetkidscoloringplanet.github.io/images/free-15-division-math-worksheet-for-grade-2-with-answers-part-184-6118.jpg,Math Practice Printables,04/22/2026 04:30:00 PM
Interactive Math Knowledge Test Worksheet (8 Questions),Help kids master Math with this printable worksheet for Math. Great for daily math practice.,https://mathworksheetkidscoloringplanet.github.io/html/interactive-math-knowledge-test-worksheet-8-questions-2612.html,https://mathworksheetkidscoloringplanet.github.io/images/interactive-math-knowledge-test-worksheet-8-questions-2612.jpg,Homeschool Math,04/22/2026 08:24:00 PM
Missing Number Math Worksheet,Printable Missing Number worksheet designed for Grade 1 students. Easy and fun math practice.,https://mathworksheetkidscoloringplanet.github.io/html/missing-number-math-worksheet-9169.html,https://mathworksheetkidscoloringplanet.github.io/images/missing-number-math-worksheet-9169.jpg,Math Practice Printables,04/23/2026 08:37:00 AM
Mixed Operations Math Worksheet,Free printable Mixed Operations worksheet for Grade 3. Perfect for homeschool practice and classroom activities.,https://mathworksheetkidscoloringplanet.github.io/html/mixed-operations-math-worksheet-3751.html,https://mathworksheetkidscoloringplanet.github.io/images/mixed-operations-math-worksheet-3751.jpg,Math Practice Printables,04/23/2026 11:03:00 AM
Grade 1 Multiplication Practice Worksheet (22 Problems) - Part 188 | Printable Practice,Printable Multiplication worksheet designed for Grade 1 students. Easy and fun math practice.,https://mathworksheetkidscoloringplanet.github.io/html/grade-1-multiplication-practice-worksheet-22-problems-part-188-9571.html,https://mathworksheetkidscoloringplanet.github.io/images/grade-1-multiplication-practice-worksheet-22-problems-part-188-9571.jpg,Elementary Math Activities,04/23/2026 01:22:00 PM
Grade 2 Subtraction Practice Worksheet (21 Problems) - Part 189 | Printable Practice,Teachers and parents love this Subtraction worksheet for Grade 2. Download and print instantly.,https://mathworksheetkidscoloringplanet.github.io/html/grade-2-subtraction-practice-worksheet-21-problems-part-189-8424.html,https://mathworksheetkidscoloringplanet.github.io/images/grade-2-subtraction-practice-worksheet-21-problems-part-189-8424.jpg,Math Practice Printables,04/23/2026 04:29:00 PM
Grade 3 Multiplication Table 7 Practice - Part 190 | Printable Practice,Help kids master Times Table with this printable worksheet for Grade 3. Great for daily math practice.,https://mathworksheetkidscoloringplanet.github.io/html/grade-3-multiplication-table-7-practice-part-190-8903.html,https://mathworksheetkidscoloringplanet.github.io/images/grade-3-multiplication-table-7-practice-part-190-8903.jpg,Elementary Math Activities,04/23/2026 08:29:00 PM
Printable Tracing Worksheet For Kids - Part 191 | Free Printable,Fun and engaging Tracing worksheet for Kindergarten. Perfect printable math practice.,https://mathworksheetkidscoloringplanet.github.io/html/printable-tracing-worksheet-for-kids-part-191-2290.html,https://mathworksheetkidscoloringplanet.github.io/images/printable-tracing-worksheet-for-kids-part-191-2290.jpg,Elementary Math Activities,04/24/2026 08:38:00 AM
Math Word Problem Worksheet,Help kids master Word Problem with this printable worksheet for Grade 3. Great for daily math practice.,https://mathworksheetkidscoloringplanet.github.io/html/math-word-problem-worksheet-2362.html,https://mathworksheetkidscoloringplanet.github.io/images/math-word-problem-worksheet-2362.jpg,Elementary Math Activities,04/24/2026 11:00:00 AM
Grade 1 Addition Practice Worksheet (15 Problems) - Part 193 | Printable Practice,Help kids master Addition with this printable worksheet for Grade 1. Great for daily math practice.,https://mathworksheetkidscoloringplanet.github.io/html/grade-1-addition-practice-worksheet-15-problems-part-193-5178.html,https://mathworksheetkidscoloringplanet.github.io/images/grade-1-addition-practice-worksheet-15-problems-part-193-5178.jpg,Homeschool Math,04/24/2026 01:23:00 PM
Free Preschool Count and Color Worksheet,Teachers and parents love this Count and Color worksheet for Preschool. Download and print instantly.,https://mathworksheetkidscoloringplanet.github.io/html/free-preschool-count-and-color-worksheet-7145.html,https://mathworksheetkidscoloringplanet.github.io/images/free-preschool-count-and-color-worksheet-7145.jpg,Kids Math Worksheets,04/24/2026 04:34:00 PM
Free Counting Objects Worksheet For Pre-K - Part 195 | Printable Practice,Fun and engaging Counting Objects worksheet for Pre-K. Perfect printable math practice.,https://mathworksheetkidscoloringplanet.github.io/html/free-counting-objects-worksheet-for-pre-k-part-195-8340.html,https://mathworksheetkidscoloringplanet.github.io/images/free-counting-objects-worksheet-for-pre-k-part-195-8340.jpg,Printable Worksheets,04/24/2026 08:26:00 PM
Grade 2 Division Practice Worksheet (16 Problems) - Part 196 | Printable Practice,Help kids master Division with this printable worksheet for Grade 2. Great for daily math practice.,https://mathworksheetkidscoloringplanet.github.io/html/grade-2-division-practice-worksheet-16-problems-part-196-5442.html,https://mathworksheetkidscoloringplanet.github.io/images/grade-2-division-practice-worksheet-16-problems-part-196-5442.jpg,Homeschool Math,04/25/2026 08:22:00 AM
4 General Math Quiz for Practice,Teachers and parents love this Math worksheet for Math. Download and print instantly.,https://mathworksheetkidscoloringplanet.github.io/html/4-general-math-quiz-for-practice-8203.html,https://mathworksheetkidscoloringplanet.github.io/images/4-general-math-quiz-for-practice-8203.jpg,Math Practice Printables,04/25/2026 11:00:00 AM
Missing Number Math Worksheet,Free printable Missing Number worksheet for Grade 1. Perfect for homeschool practice and classroom activities.,https://mathworksheetkidscoloringplanet.github.io/html/missing-number-math-worksheet-7701.html,https://mathworksheetkidscoloringplanet.github.io/images/missing-number-math-worksheet-7701.jpg,Elementary Math Activities,04/25/2026 01:33:00 PM
Mixed Operations Math Worksheet,Fun and engaging Mixed Operations worksheet for Grade 3. Perfect printable math practice.,https://mathworksheetkidscoloringplanet.github.io/html/mixed-operations-math-worksheet-3954.html,https://mathworksheetkidscoloringplanet.github.io/images/mixed-operations-math-worksheet-3954.jpg,Homeschool Math,04/25/2026 04:28:00 PM
Free 26 Multiplication Math Worksheet For Grade 2 With Answers - Part 200 | Printable Practice,Help kids master Multiplication with this printable worksheet for Grade 2. Great for daily math practice.,https://mathworksheetkidscoloringplanet.github.io/html/free-26-multiplication-math-worksheet-for-grade-2-with-answers-part-200-9345.html,https://mathworksheetkidscoloringplanet.github.io/images/free-26-multiplication-math-worksheet-for-grade-2-with-answers-part-200-9345.jpg,Math Practice Printables,04/25/2026 08:35:00 PM
